Dây nối dài dây loa jack 3.5 chiều dài 1.5m, 3m, 5m hàng chất lượng giá tốt - Home Computer
BỘ 2 DÂY CHUYỂN ĐỔI CANON CÁI SANG AV - HÀNG NHẬP - GIÁ 2 DÂY
[Chính Hãng] Dây Cáp Rode SC19 (1.5m) Kết Nối Truyền Tín Hiệu Và Âm Thanh Từ Wireless Go 2 Sang Điện Thoại Smartphone
Gân loa 8cm
Logo marshall, chữ marshall, chữ inox, logo loa cắt bằng laser siêu chuẩn, siêu đẹp từ shop hà nội hifi
(HCM) CÁP CHUYỂN JACK 3.5MM CÁI SANG 2 ĐẦU BÔNG SEN-C36
Thiết Bị Kết Nối Bluetooth 4.0 Qua Usb (Orico Bta-408) - Hàng  Bảo Hành 12 Tháng.
[HCM]Dây AV DÀNH CHO TIVI BOX
Tụ không phân cực 100V 10x16 phân tần và bảo vệ loa treble, tụ ELENA
[HCM]Dây loa nối dài 5m
Cáp Âm Thanh 3,5Mm Sang 2 Đầu Hoa Sen Av 3 Mét Ugreen 10512- Bảo Hành  12 Tháng.
Cáp 3.5Mm Âm Sang 2 Rca Dương Ugreen 10561- Bảo Hành 18 Tháng.
Cáp Gộp Tai Nghe Và Mic Ra Jack 3,5Mm Âm- Bảo Hành 03 Tháng (Đổi Mới Trong Suốt Thời Gian Bảo Hành).
COMBO 2 DÂY canon Cái  ra AV ( BÔNG SEN)  ; dây canon ĐỰC ra AV ( BONG SEN) -Lõi đồng nguyên chất - dây dài 1m
[HCM]Dây loa nối dài 3m
[HCM]BỘ 2 CHIẾC CHÂN LOA 3 CHÂN ĐỨNG (LỚN)
Bộ Thu Bluetooth 5.0 Cho Loa Và Amply Cao Cấp Ugreen 40759 - Hàng.
Cáp Loa 2 Đầu 3.5Mm Dài 1.5M Đầu Bẻ Góc 90 Độ Màu Đen Ugreen 10598 - Bảo Hành 18 Tháng.
Chân đế đỡ loa chống trơn trượt cao cấp - Giá đỡ loa có miếng lót chống sốc - Chân đế gắn loa
Cáp cuộn microUSB 70cm) KASHIMURA AJ-516
Cáp Chuyển 3.5Mm 1,5M Sang 2 Đầu Hoa Sen Rca  Ugreen 10511.
[HCM]BỘ CHUYỂN OPTICAL XL2 ÂM THANH KÈM CÁP 1.5M
Cáp Chuyển Usb Ra Sound Ugreen 30724 (Jack 3.5Mm Headphone Và Microphone) Màu Đen_Hàng.
Cáp Loa 3.5Mm Ra 2 Đầu Av 5M Ugreen 10591 - Dây Audio 3.5 Ra 2 Đầu Rca (Hoa Sen) 5Mét Ugreen 10591_Hàng.
Màng loa bass 20 xanh
Cáp Chuyển Usb Ra Sound Ugreen 30143 (Jack 3.5Mm Headphone Và Microphone) Cao Cấp - Hàng  Bảo Hành 18 Tháng.
Dây canon ra AV  đầu Cái , dài 1m - Chân Mạ vàng Hãng JSJ
[HCM]DÂY LOA 2 ĐẦU 3.5
[HCM]Dây chia jack loa chuẩn 3.5 từ 1 ra 2
Cáp Audio Quang (Toslink, Optical) 3M  Ugreen 10541.
COMBO 2 DÂY CANON ĐỰC - CÁI , Lõi đồng nguyên chất
Cáp Âm Thanh Audio 2 Đầu Hoa Sen Nối 2 Đầu Hoa Sen 2-2 10m Dtech DT-6204
Bộ Chuyển Đổi Âm Thanh Từ Optical Sang Analog Kiwi Ka03 Pro Hỗ Trợ Bluetooth - Hàng.
Chân đế cao su ROHS siêu rẻ nhiều kích thước cho loa, tủ, kệ, bàn, đồ gỗ diy (Giá 1 cái)
BỘ 2 DÂY CHUYỂN ĐỔI CANON ĐỰC SANG AV - HÀNG NHẬP - GIÁ 2 DÂY
Dây Tín Hiệu AV Audiosost chất lượng đảm bảo
Dây AV QED ANH QUỐC – Jack Mạ Rhodium
Combo 2 dây canon ĐỰC ra  BÔNG SEN ( AV ) , canon CÁI ra AV ( BÔNG SEN) Liền dây hàng chuẩn hãng kiwi bh 12 tháng
Dây AV Mcintosh – Jack Palic Chất lượng Tốt
DÂY CHUYỂN ĐỔI CANON CÁI RA AV BÔNG SEN - LOẠI NHẬP KHẨU - GIÁ 1 DÂY
Dây nối dài dây loa jack 3.5 chiều dài 1.5m, 3m, 5m hàng chất lượng giá tốt - Home Computer
BỘ 2 DÂY CHUYỂN ĐỔI CANON CÁI SANG AV - HÀNG NHẬP - GIÁ 2 DÂY
[Chính Hãng] Dây Cáp Rode SC19 (1.5m) Kết Nối Truyền Tín Hiệu Và Âm Thanh Từ Wireless Go 2 Sang Điện Thoại Smartphone
Gân loa 8cm
Logo marshall, chữ marshall, chữ inox, logo loa cắt bằng laser siêu chuẩn, siêu đẹp từ shop hà nội hifi
(HCM) CÁP CHUYỂN JACK 3.5MM CÁI SANG 2 ĐẦU BÔNG SEN-C36
Thiết Bị Kết Nối Bluetooth 4.0 Qua Usb (Orico Bta-408) - Hàng  Bảo Hành 12 Tháng.
[HCM]Dây AV DÀNH CHO TIVI BOX
Tụ không phân cực 100V 10x16 phân tần và bảo vệ loa treble, tụ ELENA
[HCM]Dây loa nối dài 5m
Cáp Âm Thanh 3,5Mm Sang 2 Đầu Hoa Sen Av 3 Mét Ugreen 10512- Bảo Hành  12 Tháng.
Cáp 3.5Mm Âm Sang 2 Rca Dương Ugreen 10561- Bảo Hành 18 Tháng.
Cáp Gộp Tai Nghe Và Mic Ra Jack 3,5Mm Âm- Bảo Hành 03 Tháng (Đổi Mới Trong Suốt Thời Gian Bảo Hành).
COMBO 2 DÂY canon Cái  ra AV ( BÔNG SEN)  ; dây canon ĐỰC ra AV ( BONG SEN) -Lõi đồng nguyên chất - dây dài 1m
[HCM]Dây loa nối dài 3m
[HCM]BỘ 2 CHIẾC CHÂN LOA 3 CHÂN ĐỨNG (LỚN)
Bộ Thu Bluetooth 5.0 Cho Loa Và Amply Cao Cấp Ugreen 40759 - Hàng.
Cáp Loa 2 Đầu 3.5Mm Dài 1.5M Đầu Bẻ Góc 90 Độ Màu Đen Ugreen 10598 - Bảo Hành 18 Tháng.
Chân đế đỡ loa chống trơn trượt cao cấp - Giá đỡ loa có miếng lót chống sốc - Chân đế gắn loa
Cáp cuộn microUSB 70cm) KASHIMURA AJ-516
Cáp Chuyển 3.5Mm 1,5M Sang 2 Đầu Hoa Sen Rca  Ugreen 10511.
[HCM]BỘ CHUYỂN OPTICAL XL2 ÂM THANH KÈM CÁP 1.5M
Cáp Chuyển Usb Ra Sound Ugreen 30724 (Jack 3.5Mm Headphone Và Microphone) Màu Đen_Hàng.
Cáp Loa 3.5Mm Ra 2 Đầu Av 5M Ugreen 10591 - Dây Audio 3.5 Ra 2 Đầu Rca (Hoa Sen) 5Mét Ugreen 10591_Hàng.
Màng loa bass 20 xanh
Cáp Chuyển Usb Ra Sound Ugreen 30143 (Jack 3.5Mm Headphone Và Microphone) Cao Cấp - Hàng  Bảo Hành 18 Tháng.
Dây canon ra AV  đầu Cái , dài 1m - Chân Mạ vàng Hãng JSJ
[HCM]DÂY LOA 2 ĐẦU 3.5
[HCM]Dây chia jack loa chuẩn 3.5 từ 1 ra 2
Cáp Audio Quang (Toslink, Optical) 3M  Ugreen 10541.
COMBO 2 DÂY CANON ĐỰC - CÁI , Lõi đồng nguyên chất
Cáp Âm Thanh Audio 2 Đầu Hoa Sen Nối 2 Đầu Hoa Sen 2-2 10m Dtech DT-6204
Bộ Chuyển Đổi Âm Thanh Từ Optical Sang Analog Kiwi Ka03 Pro Hỗ Trợ Bluetooth - Hàng.
Chân đế cao su ROHS siêu rẻ nhiều kích thước cho loa, tủ, kệ, bàn, đồ gỗ diy (Giá 1 cái)
BỘ 2 DÂY CHUYỂN ĐỔI CANON ĐỰC SANG AV - HÀNG NHẬP - GIÁ 2 DÂY
Dây Tín Hiệu AV Audiosost chất lượng đảm bảo
Dây AV QED ANH QUỐC – Jack Mạ Rhodium
Combo 2 dây canon ĐỰC ra  BÔNG SEN ( AV ) , canon CÁI ra AV ( BÔNG SEN) Liền dây hàng chuẩn hãng kiwi bh 12 tháng
Dây AV Mcintosh – Jack Palic Chất lượng Tốt
DÂY CHUYỂN ĐỔI CANON CÁI RA AV BÔNG SEN - LOẠI NHẬP KHẨU - GIÁ 1 DÂY
Dây nối dài dây loa jack 3.5 chiều dài 1.5m, 3m, 5m hàng chất lượng giá tốt - Home Computer
BỘ 2 DÂY CHUYỂN ĐỔI CANON CÁI SANG AV - HÀNG NHẬP - GIÁ 2 DÂY
[Chính Hãng] Dây Cáp Rode SC19 (1.5m) Kết Nối Truyền Tín Hiệu Và Âm Thanh Từ Wireless Go 2 Sang Điện Thoại Smartphone
Gân loa 8cm
Logo marshall, chữ marshall, chữ inox, logo loa cắt bằng laser siêu chuẩn, siêu đẹp từ shop hà nội hifi
(HCM) CÁP CHUYỂN JACK 3.5MM CÁI SANG 2 ĐẦU BÔNG SEN-C36
Thiết Bị Kết Nối Bluetooth 4.0 Qua Usb (Orico Bta-408) - Hàng  Bảo Hành 12 Tháng.
[HCM]Dây AV DÀNH CHO TIVI BOX
Tụ không phân cực 100V 10x16 phân tần và bảo vệ loa treble, tụ ELENA
[HCM]Dây loa nối dài 5m
Cáp Âm Thanh 3,5Mm Sang 2 Đầu Hoa Sen Av 3 Mét Ugreen 10512- Bảo Hành  12 Tháng.
Cáp 3.5Mm Âm Sang 2 Rca Dương Ugreen 10561- Bảo Hành 18 Tháng.
Cáp Gộp Tai Nghe Và Mic Ra Jack 3,5Mm Âm- Bảo Hành 03 Tháng (Đổi Mới Trong Suốt Thời Gian Bảo Hành).
COMBO 2 DÂY canon Cái  ra AV ( BÔNG SEN)  ; dây canon ĐỰC ra AV ( BONG SEN) -Lõi đồng nguyên chất - dây dài 1m
[HCM]Dây loa nối dài 3m
[HCM]BỘ 2 CHIẾC CHÂN LOA 3 CHÂN ĐỨNG (LỚN)
Bộ Thu Bluetooth 5.0 Cho Loa Và Amply Cao Cấp Ugreen 40759 - Hàng.
Cáp Loa 2 Đầu 3.5Mm Dài 1.5M Đầu Bẻ Góc 90 Độ Màu Đen Ugreen 10598 - Bảo Hành 18 Tháng.
Chân đế đỡ loa chống trơn trượt cao cấp - Giá đỡ loa có miếng lót chống sốc - Chân đế gắn loa
Cáp cuộn microUSB 70cm) KASHIMURA AJ-516
Cáp Chuyển 3.5Mm 1,5M Sang 2 Đầu Hoa Sen Rca  Ugreen 10511.
[HCM]BỘ CHUYỂN OPTICAL XL2 ÂM THANH KÈM CÁP 1.5M
Cáp Chuyển Usb Ra Sound Ugreen 30724 (Jack 3.5Mm Headphone Và Microphone) Màu Đen_Hàng.
Cáp Loa 3.5Mm Ra 2 Đầu Av 5M Ugreen 10591 - Dây Audio 3.5 Ra 2 Đầu Rca (Hoa Sen) 5Mét Ugreen 10591_Hàng.
Màng loa bass 20 xanh
Cáp Chuyển Usb Ra Sound Ugreen 30143 (Jack 3.5Mm Headphone Và Microphone) Cao Cấp - Hàng  Bảo Hành 18 Tháng.
Dây canon ra AV  đầu Cái , dài 1m - Chân Mạ vàng Hãng JSJ
[HCM]DÂY LOA 2 ĐẦU 3.5
[HCM]Dây chia jack loa chuẩn 3.5 từ 1 ra 2
Cáp Audio Quang (Toslink, Optical) 3M  Ugreen 10541.
COMBO 2 DÂY CANON ĐỰC - CÁI , Lõi đồng nguyên chất
Cáp Âm Thanh Audio 2 Đầu Hoa Sen Nối 2 Đầu Hoa Sen 2-2 10m Dtech DT-6204
Bộ Chuyển Đổi Âm Thanh Từ Optical Sang Analog Kiwi Ka03 Pro Hỗ Trợ Bluetooth - Hàng.
Chân đế cao su ROHS siêu rẻ nhiều kích thước cho loa, tủ, kệ, bàn, đồ gỗ diy (Giá 1 cái)
BỘ 2 DÂY CHUYỂN ĐỔI CANON ĐỰC SANG AV - HÀNG NHẬP - GIÁ 2 DÂY
Dây Tín Hiệu AV Audiosost chất lượng đảm bảo
Dây AV QED ANH QUỐC – Jack Mạ Rhodium
Combo 2 dây canon ĐỰC ra  BÔNG SEN ( AV ) , canon CÁI ra AV ( BÔNG SEN) Liền dây hàng chuẩn hãng kiwi bh 12 tháng
Dây AV Mcintosh – Jack Palic Chất lượng Tốt
DÂY CHUYỂN ĐỔI CANON CÁI RA AV BÔNG SEN - LOẠI NHẬP KHẨU - GIÁ 1 DÂY
Dây nối dài dây loa jack 3.5 chiều dài 1.5m, 3m, 5m hàng chất lượng giá tốt - Home Computer
BỘ 2 DÂY CHUYỂN ĐỔI CANON CÁI SANG AV - HÀNG NHẬP - GIÁ 2 DÂY
[Chính Hãng] Dây Cáp Rode SC19 (1.5m) Kết Nối Truyền Tín Hiệu Và Âm Thanh Từ Wireless Go 2 Sang Điện Thoại Smartphone
Gân loa 8cm
Logo marshall, chữ marshall, chữ inox, logo loa cắt bằng laser siêu chuẩn, siêu đẹp từ shop hà nội hifi
(HCM) CÁP CHUYỂN JACK 3.5MM CÁI SANG 2 ĐẦU BÔNG SEN-C36
Thiết Bị Kết Nối Bluetooth 4.0 Qua Usb (Orico Bta-408) - Hàng  Bảo Hành 12 Tháng.
[HCM]Dây AV DÀNH CHO TIVI BOX
Tụ không phân cực 100V 10x16 phân tần và bảo vệ loa treble, tụ ELENA
[HCM]Dây loa nối dài 5m
Cáp Âm Thanh 3,5Mm Sang 2 Đầu Hoa Sen Av 3 Mét Ugreen 10512- Bảo Hành  12 Tháng.
Cáp 3.5Mm Âm Sang 2 Rca Dương Ugreen 10561- Bảo Hành 18 Tháng.
Cáp Gộp Tai Nghe Và Mic Ra Jack 3,5Mm Âm- Bảo Hành 03 Tháng (Đổi Mới Trong Suốt Thời Gian Bảo Hành).
COMBO 2 DÂY canon Cái  ra AV ( BÔNG SEN)  ; dây canon ĐỰC ra AV ( BONG SEN) -Lõi đồng nguyên chất - dây dài 1m
[HCM]Dây loa nối dài 3m
[HCM]BỘ 2 CHIẾC CHÂN LOA 3 CHÂN ĐỨNG (LỚN)
Bộ Thu Bluetooth 5.0 Cho Loa Và Amply Cao Cấp Ugreen 40759 - Hàng.
Cáp Loa 2 Đầu 3.5Mm Dài 1.5M Đầu Bẻ Góc 90 Độ Màu Đen Ugreen 10598 - Bảo Hành 18 Tháng.
Chân đế đỡ loa chống trơn trượt cao cấp - Giá đỡ loa có miếng lót chống sốc - Chân đế gắn loa
Cáp cuộn microUSB 70cm) KASHIMURA AJ-516
Cáp Chuyển 3.5Mm 1,5M Sang 2 Đầu Hoa Sen Rca  Ugreen 10511.
[HCM]BỘ CHUYỂN OPTICAL XL2 ÂM THANH KÈM CÁP 1.5M
Cáp Chuyển Usb Ra Sound Ugreen 30724 (Jack 3.5Mm Headphone Và Microphone) Màu Đen_Hàng.
Cáp Loa 3.5Mm Ra 2 Đầu Av 5M Ugreen 10591 - Dây Audio 3.5 Ra 2 Đầu Rca (Hoa Sen) 5Mét Ugreen 10591_Hàng.
Màng loa bass 20 xanh
Cáp Chuyển Usb Ra Sound Ugreen 30143 (Jack 3.5Mm Headphone Và Microphone) Cao Cấp - Hàng  Bảo Hành 18 Tháng.
Dây canon ra AV  đầu Cái , dài 1m - Chân Mạ vàng Hãng JSJ
[HCM]DÂY LOA 2 ĐẦU 3.5
[HCM]Dây chia jack loa chuẩn 3.5 từ 1 ra 2
Cáp Audio Quang (Toslink, Optical) 3M  Ugreen 10541.
COMBO 2 DÂY CANON ĐỰC - CÁI , Lõi đồng nguyên chất
Cáp Âm Thanh Audio 2 Đầu Hoa Sen Nối 2 Đầu Hoa Sen 2-2 10m Dtech DT-6204
Bộ Chuyển Đổi Âm Thanh Từ Optical Sang Analog Kiwi Ka03 Pro Hỗ Trợ Bluetooth - Hàng.
Chân đế cao su ROHS siêu rẻ nhiều kích thước cho loa, tủ, kệ, bàn, đồ gỗ diy (Giá 1 cái)
BỘ 2 DÂY CHUYỂN ĐỔI CANON ĐỰC SANG AV - HÀNG NHẬP - GIÁ 2 DÂY
Dây Tín Hiệu AV Audiosost chất lượng đảm bảo
Dây AV QED ANH QUỐC – Jack Mạ Rhodium
Combo 2 dây canon ĐỰC ra  BÔNG SEN ( AV ) , canon CÁI ra AV ( BÔNG SEN) Liền dây hàng chuẩn hãng kiwi bh 12 tháng
Dây AV Mcintosh – Jack Palic Chất lượng Tốt
DÂY CHUYỂN ĐỔI CANON CÁI RA AV BÔNG SEN - LOẠI NHẬP KHẨU - GIÁ 1 DÂY
Dây nối dài dây loa jack 3.5 chiều dài 1.5m, 3m, 5m hàng chất lượng giá tốt - Home Computer
BỘ 2 DÂY CHUYỂN ĐỔI CANON CÁI SANG AV - HÀNG NHẬP - GIÁ 2 DÂY
[Chính Hãng] Dây Cáp Rode SC19 (1.5m) Kết Nối Truyền Tín Hiệu Và Âm Thanh Từ Wireless Go 2 Sang Điện Thoại Smartphone
Gân loa 8cm
Logo marshall, chữ marshall, chữ inox, logo loa cắt bằng laser siêu chuẩn, siêu đẹp từ shop hà nội hifi
(HCM) CÁP CHUYỂN JACK 3.5MM CÁI SANG 2 ĐẦU BÔNG SEN-C36
Thiết Bị Kết Nối Bluetooth 4.0 Qua Usb (Orico Bta-408) - Hàng  Bảo Hành 12 Tháng.
[HCM]Dây AV DÀNH CHO TIVI BOX
Tụ không phân cực 100V 10x16 phân tần và bảo vệ loa treble, tụ ELENA
[HCM]Dây loa nối dài 5m
Cáp Âm Thanh 3,5Mm Sang 2 Đầu Hoa Sen Av 3 Mét Ugreen 10512- Bảo Hành  12 Tháng.
Cáp 3.5Mm Âm Sang 2 Rca Dương Ugreen 10561- Bảo Hành 18 Tháng.
Cáp Gộp Tai Nghe Và Mic Ra Jack 3,5Mm Âm- Bảo Hành 03 Tháng (Đổi Mới Trong Suốt Thời Gian Bảo Hành).
COMBO 2 DÂY canon Cái  ra AV ( BÔNG SEN)  ; dây canon ĐỰC ra AV ( BONG SEN) -Lõi đồng nguyên chất - dây dài 1m
[HCM]Dây loa nối dài 3m
[HCM]BỘ 2 CHIẾC CHÂN LOA 3 CHÂN ĐỨNG (LỚN)
Bộ Thu Bluetooth 5.0 Cho Loa Và Amply Cao Cấp Ugreen 40759 - Hàng.
Cáp Loa 2 Đầu 3.5Mm Dài 1.5M Đầu Bẻ Góc 90 Độ Màu Đen Ugreen 10598 - Bảo Hành 18 Tháng.
Chân đế đỡ loa chống trơn trượt cao cấp - Giá đỡ loa có miếng lót chống sốc - Chân đế gắn loa
Cáp cuộn microUSB 70cm) KASHIMURA AJ-516
Cáp Chuyển 3.5Mm 1,5M Sang 2 Đầu Hoa Sen Rca  Ugreen 10511.
[HCM]BỘ CHUYỂN OPTICAL XL2 ÂM THANH KÈM CÁP 1.5M
Cáp Chuyển Usb Ra Sound Ugreen 30724 (Jack 3.5Mm Headphone Và Microphone) Màu Đen_Hàng.
Cáp Loa 3.5Mm Ra 2 Đầu Av 5M Ugreen 10591 - Dây Audio 3.5 Ra 2 Đầu Rca (Hoa Sen) 5Mét Ugreen 10591_Hàng.
Màng loa bass 20 xanh
Cáp Chuyển Usb Ra Sound Ugreen 30143 (Jack 3.5Mm Headphone Và Microphone) Cao Cấp - Hàng  Bảo Hành 18 Tháng.
Dây canon ra AV  đầu Cái , dài 1m - Chân Mạ vàng Hãng JSJ
[HCM]DÂY LOA 2 ĐẦU 3.5
[HCM]Dây chia jack loa chuẩn 3.5 từ 1 ra 2
Cáp Audio Quang (Toslink, Optical) 3M  Ugreen 10541.
COMBO 2 DÂY CANON ĐỰC - CÁI , Lõi đồng nguyên chất
Cáp Âm Thanh Audio 2 Đầu Hoa Sen Nối 2 Đầu Hoa Sen 2-2 10m Dtech DT-6204
Bộ Chuyển Đổi Âm Thanh Từ Optical Sang Analog Kiwi Ka03 Pro Hỗ Trợ Bluetooth - Hàng.
Chân đế cao su ROHS siêu rẻ nhiều kích thước cho loa, tủ, kệ, bàn, đồ gỗ diy (Giá 1 cái)
BỘ 2 DÂY CHUYỂN ĐỔI CANON ĐỰC SANG AV - HÀNG NHẬP - GIÁ 2 DÂY
Dây Tín Hiệu AV Audiosost chất lượng đảm bảo
Dây AV QED ANH QUỐC – Jack Mạ Rhodium
Combo 2 dây canon ĐỰC ra  BÔNG SEN ( AV ) , canon CÁI ra AV ( BÔNG SEN) Liền dây hàng chuẩn hãng kiwi bh 12 tháng
Dây AV Mcintosh – Jack Palic Chất lượng Tốt
DÂY CHUYỂN ĐỔI CANON CÁI RA AV BÔNG SEN - LOẠI NHẬP KHẨU - GIÁ 1 DÂY
Dây nối dài dây loa jack 3.5 chiều dài 1.5m, 3m, 5m hàng chất lượng giá tốt - Home Computer
BỘ 2 DÂY CHUYỂN ĐỔI CANON CÁI SANG AV - HÀNG NHẬP - GIÁ 2 DÂY
[Chính Hãng] Dây Cáp Rode SC19 (1.5m) Kết Nối Truyền Tín Hiệu Và Âm Thanh Từ Wireless Go 2 Sang Điện Thoại Smartphone
Gân loa 8cm
Logo marshall, chữ marshall, chữ inox, logo loa cắt bằng laser siêu chuẩn, siêu đẹp từ shop hà nội hifi
(HCM) CÁP CHUYỂN JACK 3.5MM CÁI SANG 2 ĐẦU BÔNG SEN-C36
Thiết Bị Kết Nối Bluetooth 4.0 Qua Usb (Orico Bta-408) - Hàng  Bảo Hành 12 Tháng.
[HCM]Dây AV DÀNH CHO TIVI BOX
Tụ không phân cực 100V 10x16 phân tần và bảo vệ loa treble, tụ ELENA
[HCM]Dây loa nối dài 5m
Cáp Âm Thanh 3,5Mm Sang 2 Đầu Hoa Sen Av 3 Mét Ugreen 10512- Bảo Hành  12 Tháng.
Cáp 3.5Mm Âm Sang 2 Rca Dương Ugreen 10561- Bảo Hành 18 Tháng.
Cáp Gộp Tai Nghe Và Mic Ra Jack 3,5Mm Âm- Bảo Hành 03 Tháng (Đổi Mới Trong Suốt Thời Gian Bảo Hành).
COMBO 2 DÂY canon Cái  ra AV ( BÔNG SEN)  ; dây canon ĐỰC ra AV ( BONG SEN) -Lõi đồng nguyên chất - dây dài 1m
[HCM]Dây loa nối dài 3m
[HCM]BỘ 2 CHIẾC CHÂN LOA 3 CHÂN ĐỨNG (LỚN)
Bộ Thu Bluetooth 5.0 Cho Loa Và Amply Cao Cấp Ugreen 40759 - Hàng.
Cáp Loa 2 Đầu 3.5Mm Dài 1.5M Đầu Bẻ Góc 90 Độ Màu Đen Ugreen 10598 - Bảo Hành 18 Tháng.
Chân đế đỡ loa chống trơn trượt cao cấp - Giá đỡ loa có miếng lót chống sốc - Chân đế gắn loa
Cáp cuộn microUSB 70cm) KASHIMURA AJ-516
Cáp Chuyển 3.5Mm 1,5M Sang 2 Đầu Hoa Sen Rca  Ugreen 10511.
[HCM]BỘ CHUYỂN OPTICAL XL2 ÂM THANH KÈM CÁP 1.5M
Cáp Chuyển Usb Ra Sound Ugreen 30724 (Jack 3.5Mm Headphone Và Microphone) Màu Đen_Hàng.
Cáp Loa 3.5Mm Ra 2 Đầu Av 5M Ugreen 10591 - Dây Audio 3.5 Ra 2 Đầu Rca (Hoa Sen) 5Mét Ugreen 10591_Hàng.
Màng loa bass 20 xanh
Cáp Chuyển Usb Ra Sound Ugreen 30143 (Jack 3.5Mm Headphone Và Microphone) Cao Cấp - Hàng  Bảo Hành 18 Tháng.
Dây canon ra AV  đầu Cái , dài 1m - Chân Mạ vàng Hãng JSJ
[HCM]DÂY LOA 2 ĐẦU 3.5
[HCM]Dây chia jack loa chuẩn 3.5 từ 1 ra 2
Cáp Audio Quang (Toslink, Optical) 3M  Ugreen 10541.
COMBO 2 DÂY CANON ĐỰC - CÁI , Lõi đồng nguyên chất
Cáp Âm Thanh Audio 2 Đầu Hoa Sen Nối 2 Đầu Hoa Sen 2-2 10m Dtech DT-6204
Bộ Chuyển Đổi Âm Thanh Từ Optical Sang Analog Kiwi Ka03 Pro Hỗ Trợ Bluetooth - Hàng.
Chân đế cao su ROHS siêu rẻ nhiều kích thước cho loa, tủ, kệ, bàn, đồ gỗ diy (Giá 1 cái)
BỘ 2 DÂY CHUYỂN ĐỔI CANON ĐỰC SANG AV - HÀNG NHẬP - GIÁ 2 DÂY
Dây Tín Hiệu AV Audiosost chất lượng đảm bảo
Dây AV QED ANH QUỐC – Jack Mạ Rhodium
Combo 2 dây canon ĐỰC ra  BÔNG SEN ( AV ) , canon CÁI ra AV ( BÔNG SEN) Liền dây hàng chuẩn hãng kiwi bh 12 tháng
Dây AV Mcintosh – Jack Palic Chất lượng Tốt
DÂY CHUYỂN ĐỔI CANON CÁI RA AV BÔNG SEN - LOẠI NHẬP KHẨU - GIÁ 1 DÂY
Dây nối dài dây loa jack 3.5 chiều dài 1.5m, 3m, 5m hàng chất lượng giá tốt - Home Computer
BỘ 2 DÂY CHUYỂN ĐỔI CANON CÁI SANG AV - HÀNG NHẬP - GIÁ 2 DÂY
[Chính Hãng] Dây Cáp Rode SC19 (1.5m) Kết Nối Truyền Tín Hiệu Và Âm Thanh Từ Wireless Go 2 Sang Điện Thoại Smartphone
Gân loa 8cm
Logo marshall, chữ marshall, chữ inox, logo loa cắt bằng laser siêu chuẩn, siêu đẹp từ shop hà nội hifi
(HCM) CÁP CHUYỂN JACK 3.5MM CÁI SANG 2 ĐẦU BÔNG SEN-C36
Thiết Bị Kết Nối Bluetooth 4.0 Qua Usb (Orico Bta-408) - Hàng  Bảo Hành 12 Tháng.
[HCM]Dây AV DÀNH CHO TIVI BOX
Tụ không phân cực 100V 10x16 phân tần và bảo vệ loa treble, tụ ELENA
[HCM]Dây loa nối dài 5m
Cáp Âm Thanh 3,5Mm Sang 2 Đầu Hoa Sen Av 3 Mét Ugreen 10512- Bảo Hành  12 Tháng.
Cáp 3.5Mm Âm Sang 2 Rca Dương Ugreen 10561- Bảo Hành 18 Tháng.
Cáp Gộp Tai Nghe Và Mic Ra Jack 3,5Mm Âm- Bảo Hành 03 Tháng (Đổi Mới Trong Suốt Thời Gian Bảo Hành).
COMBO 2 DÂY canon Cái  ra AV ( BÔNG SEN)  ; dây canon ĐỰC ra AV ( BONG SEN) -Lõi đồng nguyên chất - dây dài 1m
[HCM]Dây loa nối dài 3m
[HCM]BỘ 2 CHIẾC CHÂN LOA 3 CHÂN ĐỨNG (LỚN)
Bộ Thu Bluetooth 5.0 Cho Loa Và Amply Cao Cấp Ugreen 40759 - Hàng.
Cáp Loa 2 Đầu 3.5Mm Dài 1.5M Đầu Bẻ Góc 90 Độ Màu Đen Ugreen 10598 - Bảo Hành 18 Tháng.
Chân đế đỡ loa chống trơn trượt cao cấp - Giá đỡ loa có miếng lót chống sốc - Chân đế gắn loa
Cáp cuộn microUSB 70cm) KASHIMURA AJ-516
Cáp Chuyển 3.5Mm 1,5M Sang 2 Đầu Hoa Sen Rca  Ugreen 10511.
[HCM]BỘ CHUYỂN OPTICAL XL2 ÂM THANH KÈM CÁP 1.5M
Cáp Chuyển Usb Ra Sound Ugreen 30724 (Jack 3.5Mm Headphone Và Microphone) Màu Đen_Hàng.
Cáp Loa 3.5Mm Ra 2 Đầu Av 5M Ugreen 10591 - Dây Audio 3.5 Ra 2 Đầu Rca (Hoa Sen) 5Mét Ugreen 10591_Hàng.
Màng loa bass 20 xanh
Cáp Chuyển Usb Ra Sound Ugreen 30143 (Jack 3.5Mm Headphone Và Microphone) Cao Cấp - Hàng  Bảo Hành 18 Tháng.
Dây canon ra AV  đầu Cái , dài 1m - Chân Mạ vàng Hãng JSJ
[HCM]DÂY LOA 2 ĐẦU 3.5
[HCM]Dây chia jack loa chuẩn 3.5 từ 1 ra 2
Cáp Audio Quang (Toslink, Optical) 3M  Ugreen 10541.
COMBO 2 DÂY CANON ĐỰC - CÁI , Lõi đồng nguyên chất
Cáp Âm Thanh Audio 2 Đầu Hoa Sen Nối 2 Đầu Hoa Sen 2-2 10m Dtech DT-6204
Bộ Chuyển Đổi Âm Thanh Từ Optical Sang Analog Kiwi Ka03 Pro Hỗ Trợ Bluetooth - Hàng.
Chân đế cao su ROHS siêu rẻ nhiều kích thước cho loa, tủ, kệ, bàn, đồ gỗ diy (Giá 1 cái)
BỘ 2 DÂY CHUYỂN ĐỔI CANON ĐỰC SANG AV - HÀNG NHẬP - GIÁ 2 DÂY
Dây Tín Hiệu AV Audiosost chất lượng đảm bảo
Dây AV QED ANH QUỐC – Jack Mạ Rhodium
Combo 2 dây canon ĐỰC ra  BÔNG SEN ( AV ) , canon CÁI ra AV ( BÔNG SEN) Liền dây hàng chuẩn hãng kiwi bh 12 tháng
Dây AV Mcintosh – Jack Palic Chất lượng Tốt
DÂY CHUYỂN ĐỔI CANON CÁI RA AV BÔNG SEN - LOẠI NHẬP KHẨU - GIÁ 1 DÂY
Dây nối dài dây loa jack 3.5 chiều dài 1.5m, 3m, 5m hàng chất lượng giá tốt - Home Computer
BỘ 2 DÂY CHUYỂN ĐỔI CANON CÁI SANG AV - HÀNG NHẬP - GIÁ 2 DÂY
[Chính Hãng] Dây Cáp Rode SC19 (1.5m) Kết Nối Truyền Tín Hiệu Và Âm Thanh Từ Wireless Go 2 Sang Điện Thoại Smartphone
Gân loa 8cm
Logo marshall, chữ marshall, chữ inox, logo loa cắt bằng laser siêu chuẩn, siêu đẹp từ shop hà nội hifi
(HCM) CÁP CHUYỂN JACK 3.5MM CÁI SANG 2 ĐẦU BÔNG SEN-C36
Thiết Bị Kết Nối Bluetooth 4.0 Qua Usb (Orico Bta-408) - Hàng  Bảo Hành 12 Tháng.
[HCM]Dây AV DÀNH CHO TIVI BOX
Tụ không phân cực 100V 10x16 phân tần và bảo vệ loa treble, tụ ELENA
[HCM]Dây loa nối dài 5m
Cáp Âm Thanh 3,5Mm Sang 2 Đầu Hoa Sen Av 3 Mét Ugreen 10512- Bảo Hành  12 Tháng.
Cáp 3.5Mm Âm Sang 2 Rca Dương Ugreen 10561- Bảo Hành 18 Tháng.
Cáp Gộp Tai Nghe Và Mic Ra Jack 3,5Mm Âm- Bảo Hành 03 Tháng (Đổi Mới Trong Suốt Thời Gian Bảo Hành).
COMBO 2 DÂY canon Cái  ra AV ( BÔNG SEN)  ; dây canon ĐỰC ra AV ( BONG SEN) -Lõi đồng nguyên chất - dây dài 1m
[HCM]Dây loa nối dài 3m
[HCM]BỘ 2 CHIẾC CHÂN LOA 3 CHÂN ĐỨNG (LỚN)
Bộ Thu Bluetooth 5.0 Cho Loa Và Amply Cao Cấp Ugreen 40759 - Hàng.
Cáp Loa 2 Đầu 3.5Mm Dài 1.5M Đầu Bẻ Góc 90 Độ Màu Đen Ugreen 10598 - Bảo Hành 18 Tháng.
Chân đế đỡ loa chống trơn trượt cao cấp - Giá đỡ loa có miếng lót chống sốc - Chân đế gắn loa
Cáp cuộn microUSB 70cm) KASHIMURA AJ-516
Cáp Chuyển 3.5Mm 1,5M Sang 2 Đầu Hoa Sen Rca  Ugreen 10511.
[HCM]BỘ CHUYỂN OPTICAL XL2 ÂM THANH KÈM CÁP 1.5M
Cáp Chuyển Usb Ra Sound Ugreen 30724 (Jack 3.5Mm Headphone Và Microphone) Màu Đen_Hàng.
Cáp Loa 3.5Mm Ra 2 Đầu Av 5M Ugreen 10591 - Dây Audio 3.5 Ra 2 Đầu Rca (Hoa Sen) 5Mét Ugreen 10591_Hàng.
Màng loa bass 20 xanh
Cáp Chuyển Usb Ra Sound Ugreen 30143 (Jack 3.5Mm Headphone Và Microphone) Cao Cấp - Hàng  Bảo Hành 18 Tháng.
Dây canon ra AV  đầu Cái , dài 1m - Chân Mạ vàng Hãng JSJ
[HCM]DÂY LOA 2 ĐẦU 3.5
[HCM]Dây chia jack loa chuẩn 3.5 từ 1 ra 2
Cáp Audio Quang (Toslink, Optical) 3M  Ugreen 10541.
COMBO 2 DÂY CANON ĐỰC - CÁI , Lõi đồng nguyên chất
Cáp Âm Thanh Audio 2 Đầu Hoa Sen Nối 2 Đầu Hoa Sen 2-2 10m Dtech DT-6204
Bộ Chuyển Đổi Âm Thanh Từ Optical Sang Analog Kiwi Ka03 Pro Hỗ Trợ Bluetooth - Hàng.
Chân đế cao su ROHS siêu rẻ nhiều kích thước cho loa, tủ, kệ, bàn, đồ gỗ diy (Giá 1 cái)
BỘ 2 DÂY CHUYỂN ĐỔI CANON ĐỰC SANG AV - HÀNG NHẬP - GIÁ 2 DÂY
Dây Tín Hiệu AV Audiosost chất lượng đảm bảo
Dây AV QED ANH QUỐC – Jack Mạ Rhodium
Combo 2 dây canon ĐỰC ra  BÔNG SEN ( AV ) , canon CÁI ra AV ( BÔNG SEN) Liền dây hàng chuẩn hãng kiwi bh 12 tháng
Dây AV Mcintosh – Jack Palic Chất lượng Tốt
DÂY CHUYỂN ĐỔI CANON CÁI RA AV BÔNG SEN - LOẠI NHẬP KHẨU - GIÁ 1 DÂY
Dây nối dài dây loa jack 3.5 chiều dài 1.5m, 3m, 5m hàng chất lượng giá tốt - Home Computer
BỘ 2 DÂY CHUYỂN ĐỔI CANON CÁI SANG AV - HÀNG NHẬP - GIÁ 2 DÂY
[Chính Hãng] Dây Cáp Rode SC19 (1.5m) Kết Nối Truyền Tín Hiệu Và Âm Thanh Từ Wireless Go 2 Sang Điện Thoại Smartphone
Gân loa 8cm
Logo marshall, chữ marshall, chữ inox, logo loa cắt bằng laser siêu chuẩn, siêu đẹp từ shop hà nội hifi
(HCM) CÁP CHUYỂN JACK 3.5MM CÁI SANG 2 ĐẦU BÔNG SEN-C36
Thiết Bị Kết Nối Bluetooth 4.0 Qua Usb (Orico Bta-408) - Hàng  Bảo Hành 12 Tháng.
[HCM]Dây AV DÀNH CHO TIVI BOX
Tụ không phân cực 100V 10x16 phân tần và bảo vệ loa treble, tụ ELENA
[HCM]Dây loa nối dài 5m
Cáp Âm Thanh 3,5Mm Sang 2 Đầu Hoa Sen Av 3 Mét Ugreen 10512- Bảo Hành  12 Tháng.
Cáp 3.5Mm Âm Sang 2 Rca Dương Ugreen 10561- Bảo Hành 18 Tháng.
Cáp Gộp Tai Nghe Và Mic Ra Jack 3,5Mm Âm- Bảo Hành 03 Tháng (Đổi Mới Trong Suốt Thời Gian Bảo Hành).
COMBO 2 DÂY canon Cái  ra AV ( BÔNG SEN)  ; dây canon ĐỰC ra AV ( BONG SEN) -Lõi đồng nguyên chất - dây dài 1m
[HCM]Dây loa nối dài 3m
[HCM]BỘ 2 CHIẾC CHÂN LOA 3 CHÂN ĐỨNG (LỚN)
Bộ Thu Bluetooth 5.0 Cho Loa Và Amply Cao Cấp Ugreen 40759 - Hàng.
Cáp Loa 2 Đầu 3.5Mm Dài 1.5M Đầu Bẻ Góc 90 Độ Màu Đen Ugreen 10598 - Bảo Hành 18 Tháng.
Chân đế đỡ loa chống trơn trượt cao cấp - Giá đỡ loa có miếng lót chống sốc - Chân đế gắn loa
Cáp cuộn microUSB 70cm) KASHIMURA AJ-516
Cáp Chuyển 3.5Mm 1,5M Sang 2 Đầu Hoa Sen Rca  Ugreen 10511.
[HCM]BỘ CHUYỂN OPTICAL XL2 ÂM THANH KÈM CÁP 1.5M
Cáp Chuyển Usb Ra Sound Ugreen 30724 (Jack 3.5Mm Headphone Và Microphone) Màu Đen_Hàng.
Cáp Loa 3.5Mm Ra 2 Đầu Av 5M Ugreen 10591 - Dây Audio 3.5 Ra 2 Đầu Rca (Hoa Sen) 5Mét Ugreen 10591_Hàng.
Màng loa bass 20 xanh
Cáp Chuyển Usb Ra Sound Ugreen 30143 (Jack 3.5Mm Headphone Và Microphone) Cao Cấp - Hàng  Bảo Hành 18 Tháng.
Dây canon ra AV  đầu Cái , dài 1m - Chân Mạ vàng Hãng JSJ
[HCM]DÂY LOA 2 ĐẦU 3.5
[HCM]Dây chia jack loa chuẩn 3.5 từ 1 ra 2
Cáp Audio Quang (Toslink, Optical) 3M  Ugreen 10541.
COMBO 2 DÂY CANON ĐỰC - CÁI , Lõi đồng nguyên chất
Cáp Âm Thanh Audio 2 Đầu Hoa Sen Nối 2 Đầu Hoa Sen 2-2 10m Dtech DT-6204
Bộ Chuyển Đổi Âm Thanh Từ Optical Sang Analog Kiwi Ka03 Pro Hỗ Trợ Bluetooth - Hàng.
Chân đế cao su ROHS siêu rẻ nhiều kích thước cho loa, tủ, kệ, bàn, đồ gỗ diy (Giá 1 cái)
BỘ 2 DÂY CHUYỂN ĐỔI CANON ĐỰC SANG AV - HÀNG NHẬP - GIÁ 2 DÂY
Dây Tín Hiệu AV Audiosost chất lượng đảm bảo
Dây AV QED ANH QUỐC – Jack Mạ Rhodium
Combo 2 dây canon ĐỰC ra  BÔNG SEN ( AV ) , canon CÁI ra AV ( BÔNG SEN) Liền dây hàng chuẩn hãng kiwi bh 12 tháng
Dây AV Mcintosh – Jack Palic Chất lượng Tốt
DÂY CHUYỂN ĐỔI CANON CÁI RA AV BÔNG SEN - LOẠI NHẬP KHẨU - GIÁ 1 DÂY
