Camera Giả Hỗ Trợ Quản Lí Nhân Viên, Người Trông Trẻ, Chống Trộm Có Đèn
Outdoor Indoor Fake Surveillance Security Dummy Camera Night CAM LED Light
Camera Mô Hình Chống Trộm Security Camera Cao Cấp
Fuers sáng tạo màu đen nhựa Dome CCTV Dummy máy ảnh nhấp nháy LED fake camera giám sát Hệ thống an ninh
Camera Mô Hình Chống Trộm Security Camera
Nguồn tổng 12V 50A 600W hàng cao cấp CISCO
Camera mô hình chống trộm camere giả mô phỏng có đèn báo
Đầu ghi hình 4/8 kênh 5 in 1 KBVISION KX-A7104Ai / KX-A7108Ai
Fake Dummy Camera Flashing Red LED Home Indoor Security Simulation Camera
Fake Dummy Camera Battery Powered 360 Rotatable Flashing LED Security CCTV
Camera  Mini Không Dây Từ Tính  Máy Ghi Hình 1080P DV DVR Tầm Nhìn Ban Đêm Góc 150 °
[HCM][XẢ KHO] Mô hình Camera chống trộm có đèn Led cảnh báo - Camera mô hình chống trộm - Camera mô hình có đèn Led
Ngoài Trời Trong Nhà Giám Sát Giả An Ninh Camera Giả Camera Đêm CAM LED Light
Dummy Type-C W126s W126 | Pin giả pin ảo pin dummy battery DC Coupler KINGMA FUJIFILM X-H1 X-Pro3 X-Pro2 X-Pro1 X-T3 X-T2 X-T1 X-S10 X-T30 II X-T30 X-T20 X-T10 X-T200 X-T100 X-E4 X-E3 X-E2S X-E2 X-E1 X-M1 X-A7 X-A5 X-A3 X-A2 X-A1 X-A10 X100V X100F
Camera mô hình chống trộm camere giả mô phỏng có đèn báo
Waterproof Dummy CCTV Security Camera Solar Powered Imitation Camera Simulation Surveillance Camera with Light for Monitoring
[HCM]Camera an ninh mô hình YY-WF-11A
Dummy Type-C LP-E6 | Pin giả pin ảo pin dummy battery DC Coupler Canon EOS R6 R5 R 5D2 5D3 5D4 6D 6D2 7D 7D2 60D 70D 80D 90D XC10 XC15 Canon LP-E6 LPE6
Fake Dummy Camera Flashing Red LED Home Indoor Security Simulation Camera
Dummy Type-C FW50 | Pin giả pin ảo pin dummy battery DC Coupler NP-FW50 cho SONY FW50 A6000 a6100 A6300 A6400 A7 A3000 A5000 A6500 A7II A72 A7R2 A7S2 A7S A7R NEX5 NEX6 NEX7 NEX3 A33 A35 A37 A55 RX10 RX1 C3 C5 F3 QX1
Dummy Type-C W126s W126 | Pin giả pin ảo pin dummy battery DC Coupler KINGMA FUJIFILM X-H1 X-Pro3 X-Pro2 X-Pro1 X-T3 X-T2 X-T1 X-S10 X-T30 II X-T30 X-T20 X-T10 X-T200 X-T100 X-E4 X-E3 X-E2S X-E2 X-E1 X-M1 X-A7 X-A5 X-A3 X-A2 X-A1 X-A10 X100V X100F
Hộp 100 Nẹp Dây Vuông  12mm Ghim Dây Điện Dây Cáp Thẩm Mỹ
Đầu ghi hình 4 / 8 kênh 5 in 1 KBVISION KX-8104TH1 / KX-8108TH1
Camera Giả Hỗ Trợ Quản Lí Nhân Viên, Người Trông Trẻ, Chống Trộm Có Đèn
Camera mô hình chống trộm - Camera giả chống trộm có đèn báo như thật - Camera giám sát an hình có đèn led cảnh báo
Dummy Type-C BLK22 KINGMA | Pin giả pin ảo pin dummy battery DC Coupler BLK22 cho Pana LUMIX S5 S5K S5ii S5iiX GH6 GH5ii
[ REN ĐỒNG CAO CẤP ] Chân Đế Camera Wifi đa năng Gắn tường, Trần nhà, bằng nhựa chất lượng cao dùng cho camera Ezviz, Imou , Kbone...
camera mô hình hình cầu 360
Camera Giả Hỗ Trợ Quản Lí Nhân Viên, Người Trông Trẻ, Chống Trộm Có Đèn
Dummy Type-C EN-EL15 | Pin giả pin ảo pin dummy battery DC Coupler NIKON EN-EL15 nikon EL15 cho NIKON Z5 Z6 Z7 D500 D600 D610 D750 D780 D800
Đầu ghi hình 16 kênh 5 in 1 KBVISION KX-C7116H1
Camera hành trình dạng gương chiếu hậu 4.0 (Ghi đơn ), gương chiếu hậu xe hơi, máy quay hành trình, Camera Hành Trình Dạng Gương Chiếu Hậu 4.0, Hỗ Trợ Bảo Hành 1 Đổi 1 Tại Shop. Mã  9511ĐT.
Dummy NP-BX1 | Pin giả pin ảo pin dummy battery Sony ZV1 RX1 RX100 WX30 MV10 WX500 X1000V DC Coupler NP-BX1 BX1
Camera mô hình giả chống trộm như thật có đèn led
Hộp Kỹ Thuật Camera EZviz, Hộp Kỹ Thuật Bảo Vệ Nguồn Cho Camera
Camera mô hình hình cầu chống trộm 360 độ
Dummy Type-C LP-E17 | Pin giả pin ảo pin dummy battery DC Coupler dummy LPE17 E17 cho CANON M3 M5 750D 760D 8000D 200D EOS M3 M5 M6 M6ii M100 EOS 750D 760D EOS T6i T6S EOS 8000D KISS X8i EOS 200D RF RP EOS 77D, EOS RP
BOKALI Dummy Fake Surveillance Security Dome Camera CCTV 30pcs Flashing LED Light White
Dummy Type-C FZ100 | Pin giả pin ảo pin dummy battery DC Coupler SONY FZ100 NP-FZ100 cho SONY A6700 A6600 FX3 FX30 A7C A9 A9R A74 A73 A7R5 A7R4 A7R3 A7S
Hộp kỹ thuật Camera chống nước lắp ngoài trời, trong nhà 11*11*5 cm - Loại tốt
Camera Giả Hỗ Trợ Quản Lí Nhân Viên, Người Trông Trẻ, Chống Trộm Có Đèn
Outdoor Indoor Fake Surveillance Security Dummy Camera Night CAM LED Light
Camera Mô Hình Chống Trộm Security Camera Cao Cấp
Fuers sáng tạo màu đen nhựa Dome CCTV Dummy máy ảnh nhấp nháy LED fake camera giám sát Hệ thống an ninh
Camera Mô Hình Chống Trộm Security Camera
Nguồn tổng 12V 50A 600W hàng cao cấp CISCO
Camera mô hình chống trộm camere giả mô phỏng có đèn báo
Đầu ghi hình 4/8 kênh 5 in 1 KBVISION KX-A7104Ai / KX-A7108Ai
Fake Dummy Camera Flashing Red LED Home Indoor Security Simulation Camera
Fake Dummy Camera Battery Powered 360 Rotatable Flashing LED Security CCTV
Camera  Mini Không Dây Từ Tính  Máy Ghi Hình 1080P DV DVR Tầm Nhìn Ban Đêm Góc 150 °
[HCM][XẢ KHO] Mô hình Camera chống trộm có đèn Led cảnh báo - Camera mô hình chống trộm - Camera mô hình có đèn Led
Ngoài Trời Trong Nhà Giám Sát Giả An Ninh Camera Giả Camera Đêm CAM LED Light
Dummy Type-C W126s W126 | Pin giả pin ảo pin dummy battery DC Coupler KINGMA FUJIFILM X-H1 X-Pro3 X-Pro2 X-Pro1 X-T3 X-T2 X-T1 X-S10 X-T30 II X-T30 X-T20 X-T10 X-T200 X-T100 X-E4 X-E3 X-E2S X-E2 X-E1 X-M1 X-A7 X-A5 X-A3 X-A2 X-A1 X-A10 X100V X100F
Camera mô hình chống trộm camere giả mô phỏng có đèn báo
Waterproof Dummy CCTV Security Camera Solar Powered Imitation Camera Simulation Surveillance Camera with Light for Monitoring
[HCM]Camera an ninh mô hình YY-WF-11A
Dummy Type-C LP-E6 | Pin giả pin ảo pin dummy battery DC Coupler Canon EOS R6 R5 R 5D2 5D3 5D4 6D 6D2 7D 7D2 60D 70D 80D 90D XC10 XC15 Canon LP-E6 LPE6
Fake Dummy Camera Flashing Red LED Home Indoor Security Simulation Camera
Dummy Type-C FW50 | Pin giả pin ảo pin dummy battery DC Coupler NP-FW50 cho SONY FW50 A6000 a6100 A6300 A6400 A7 A3000 A5000 A6500 A7II A72 A7R2 A7S2 A7S A7R NEX5 NEX6 NEX7 NEX3 A33 A35 A37 A55 RX10 RX1 C3 C5 F3 QX1
Dummy Type-C W126s W126 | Pin giả pin ảo pin dummy battery DC Coupler KINGMA FUJIFILM X-H1 X-Pro3 X-Pro2 X-Pro1 X-T3 X-T2 X-T1 X-S10 X-T30 II X-T30 X-T20 X-T10 X-T200 X-T100 X-E4 X-E3 X-E2S X-E2 X-E1 X-M1 X-A7 X-A5 X-A3 X-A2 X-A1 X-A10 X100V X100F
Hộp 100 Nẹp Dây Vuông  12mm Ghim Dây Điện Dây Cáp Thẩm Mỹ
Đầu ghi hình 4 / 8 kênh 5 in 1 KBVISION KX-8104TH1 / KX-8108TH1
Camera Giả Hỗ Trợ Quản Lí Nhân Viên, Người Trông Trẻ, Chống Trộm Có Đèn
Camera mô hình chống trộm - Camera giả chống trộm có đèn báo như thật - Camera giám sát an hình có đèn led cảnh báo
Dummy Type-C BLK22 KINGMA | Pin giả pin ảo pin dummy battery DC Coupler BLK22 cho Pana LUMIX S5 S5K S5ii S5iiX GH6 GH5ii
[ REN ĐỒNG CAO CẤP ] Chân Đế Camera Wifi đa năng Gắn tường, Trần nhà, bằng nhựa chất lượng cao dùng cho camera Ezviz, Imou , Kbone...
camera mô hình hình cầu 360
Camera Giả Hỗ Trợ Quản Lí Nhân Viên, Người Trông Trẻ, Chống Trộm Có Đèn
Dummy Type-C EN-EL15 | Pin giả pin ảo pin dummy battery DC Coupler NIKON EN-EL15 nikon EL15 cho NIKON Z5 Z6 Z7 D500 D600 D610 D750 D780 D800
Đầu ghi hình 16 kênh 5 in 1 KBVISION KX-C7116H1
Camera hành trình dạng gương chiếu hậu 4.0 (Ghi đơn ), gương chiếu hậu xe hơi, máy quay hành trình, Camera Hành Trình Dạng Gương Chiếu Hậu 4.0, Hỗ Trợ Bảo Hành 1 Đổi 1 Tại Shop. Mã  9511ĐT.
Dummy NP-BX1 | Pin giả pin ảo pin dummy battery Sony ZV1 RX1 RX100 WX30 MV10 WX500 X1000V DC Coupler NP-BX1 BX1
Camera mô hình giả chống trộm như thật có đèn led
Hộp Kỹ Thuật Camera EZviz, Hộp Kỹ Thuật Bảo Vệ Nguồn Cho Camera
Camera mô hình hình cầu chống trộm 360 độ
Dummy Type-C LP-E17 | Pin giả pin ảo pin dummy battery DC Coupler dummy LPE17 E17 cho CANON M3 M5 750D 760D 8000D 200D EOS M3 M5 M6 M6ii M100 EOS 750D 760D EOS T6i T6S EOS 8000D KISS X8i EOS 200D RF RP EOS 77D, EOS RP
BOKALI Dummy Fake Surveillance Security Dome Camera CCTV 30pcs Flashing LED Light White
Dummy Type-C FZ100 | Pin giả pin ảo pin dummy battery DC Coupler SONY FZ100 NP-FZ100 cho SONY A6700 A6600 FX3 FX30 A7C A9 A9R A74 A73 A7R5 A7R4 A7R3 A7S
Hộp kỹ thuật Camera chống nước lắp ngoài trời, trong nhà 11*11*5 cm - Loại tốt
Camera Giả Hỗ Trợ Quản Lí Nhân Viên, Người Trông Trẻ, Chống Trộm Có Đèn
Outdoor Indoor Fake Surveillance Security Dummy Camera Night CAM LED Light
Camera Mô Hình Chống Trộm Security Camera Cao Cấp
Fuers sáng tạo màu đen nhựa Dome CCTV Dummy máy ảnh nhấp nháy LED fake camera giám sát Hệ thống an ninh
Camera Mô Hình Chống Trộm Security Camera
Nguồn tổng 12V 50A 600W hàng cao cấp CISCO
Camera mô hình chống trộm camere giả mô phỏng có đèn báo
Đầu ghi hình 4/8 kênh 5 in 1 KBVISION KX-A7104Ai / KX-A7108Ai
Fake Dummy Camera Flashing Red LED Home Indoor Security Simulation Camera
Fake Dummy Camera Battery Powered 360 Rotatable Flashing LED Security CCTV
Camera  Mini Không Dây Từ Tính  Máy Ghi Hình 1080P DV DVR Tầm Nhìn Ban Đêm Góc 150 °
[HCM][XẢ KHO] Mô hình Camera chống trộm có đèn Led cảnh báo - Camera mô hình chống trộm - Camera mô hình có đèn Led
Ngoài Trời Trong Nhà Giám Sát Giả An Ninh Camera Giả Camera Đêm CAM LED Light
Dummy Type-C W126s W126 | Pin giả pin ảo pin dummy battery DC Coupler KINGMA FUJIFILM X-H1 X-Pro3 X-Pro2 X-Pro1 X-T3 X-T2 X-T1 X-S10 X-T30 II X-T30 X-T20 X-T10 X-T200 X-T100 X-E4 X-E3 X-E2S X-E2 X-E1 X-M1 X-A7 X-A5 X-A3 X-A2 X-A1 X-A10 X100V X100F
Camera mô hình chống trộm camere giả mô phỏng có đèn báo
Waterproof Dummy CCTV Security Camera Solar Powered Imitation Camera Simulation Surveillance Camera with Light for Monitoring
[HCM]Camera an ninh mô hình YY-WF-11A
Dummy Type-C LP-E6 | Pin giả pin ảo pin dummy battery DC Coupler Canon EOS R6 R5 R 5D2 5D3 5D4 6D 6D2 7D 7D2 60D 70D 80D 90D XC10 XC15 Canon LP-E6 LPE6
Fake Dummy Camera Flashing Red LED Home Indoor Security Simulation Camera
Dummy Type-C FW50 | Pin giả pin ảo pin dummy battery DC Coupler NP-FW50 cho SONY FW50 A6000 a6100 A6300 A6400 A7 A3000 A5000 A6500 A7II A72 A7R2 A7S2 A7S A7R NEX5 NEX6 NEX7 NEX3 A33 A35 A37 A55 RX10 RX1 C3 C5 F3 QX1
Dummy Type-C W126s W126 | Pin giả pin ảo pin dummy battery DC Coupler KINGMA FUJIFILM X-H1 X-Pro3 X-Pro2 X-Pro1 X-T3 X-T2 X-T1 X-S10 X-T30 II X-T30 X-T20 X-T10 X-T200 X-T100 X-E4 X-E3 X-E2S X-E2 X-E1 X-M1 X-A7 X-A5 X-A3 X-A2 X-A1 X-A10 X100V X100F
Hộp 100 Nẹp Dây Vuông  12mm Ghim Dây Điện Dây Cáp Thẩm Mỹ
Đầu ghi hình 4 / 8 kênh 5 in 1 KBVISION KX-8104TH1 / KX-8108TH1
Camera Giả Hỗ Trợ Quản Lí Nhân Viên, Người Trông Trẻ, Chống Trộm Có Đèn
Camera mô hình chống trộm - Camera giả chống trộm có đèn báo như thật - Camera giám sát an hình có đèn led cảnh báo
Dummy Type-C BLK22 KINGMA | Pin giả pin ảo pin dummy battery DC Coupler BLK22 cho Pana LUMIX S5 S5K S5ii S5iiX GH6 GH5ii
[ REN ĐỒNG CAO CẤP ] Chân Đế Camera Wifi đa năng Gắn tường, Trần nhà, bằng nhựa chất lượng cao dùng cho camera Ezviz, Imou , Kbone...
camera mô hình hình cầu 360
Camera Giả Hỗ Trợ Quản Lí Nhân Viên, Người Trông Trẻ, Chống Trộm Có Đèn
Dummy Type-C EN-EL15 | Pin giả pin ảo pin dummy battery DC Coupler NIKON EN-EL15 nikon EL15 cho NIKON Z5 Z6 Z7 D500 D600 D610 D750 D780 D800
Đầu ghi hình 16 kênh 5 in 1 KBVISION KX-C7116H1
Camera hành trình dạng gương chiếu hậu 4.0 (Ghi đơn ), gương chiếu hậu xe hơi, máy quay hành trình, Camera Hành Trình Dạng Gương Chiếu Hậu 4.0, Hỗ Trợ Bảo Hành 1 Đổi 1 Tại Shop. Mã  9511ĐT.
Dummy NP-BX1 | Pin giả pin ảo pin dummy battery Sony ZV1 RX1 RX100 WX30 MV10 WX500 X1000V DC Coupler NP-BX1 BX1
Camera mô hình giả chống trộm như thật có đèn led
Hộp Kỹ Thuật Camera EZviz, Hộp Kỹ Thuật Bảo Vệ Nguồn Cho Camera
Camera mô hình hình cầu chống trộm 360 độ
Dummy Type-C LP-E17 | Pin giả pin ảo pin dummy battery DC Coupler dummy LPE17 E17 cho CANON M3 M5 750D 760D 8000D 200D EOS M3 M5 M6 M6ii M100 EOS 750D 760D EOS T6i T6S EOS 8000D KISS X8i EOS 200D RF RP EOS 77D, EOS RP
BOKALI Dummy Fake Surveillance Security Dome Camera CCTV 30pcs Flashing LED Light White
Dummy Type-C FZ100 | Pin giả pin ảo pin dummy battery DC Coupler SONY FZ100 NP-FZ100 cho SONY A6700 A6600 FX3 FX30 A7C A9 A9R A74 A73 A7R5 A7R4 A7R3 A7S
Hộp kỹ thuật Camera chống nước lắp ngoài trời, trong nhà 11*11*5 cm - Loại tốt
